{
    "accuracy": {
        "mean": 0.9998462011688712,
        "std": 8.423908912721023e-05
    },
    "precision": {
        "mean": 1.0,
        "std": 0.0
    },
    "recall": {
        "mean": 0.9993342210386151,
        "std": 0.0003646621554628117
    },
    "f1": {
        "mean": 0.9996669663836117,
        "std": 0.00018248292614765773
    },
    "missed_attacks": {
        "DarkNexus": 39750
    }
}