{
    "accuracy": {
        "mean": 0.6301989910313901,
        "std": 0.004552841239751386
    },
    "precision": {
        "mean": 0.4307987947638594,
        "std": 0.003960250975915047
    },
    "recall": {
        "mean": 0.7324906367041198,
        "std": 0.0027072719653185072
    },
    "f1": {
        "mean": 0.5425158832164889,
        "std": 0.0035903004139386002
    }
}