{
    "train_size": 57088,
    "test_size": 14272,
    "roc_auc": 1.0,
    "test_accuracy": 0.9961463004484304,
    "test_precision": 1.0,
    "test_recall": 0.987125468164794,
    "test_f1": 0.9935210272116857,
    "accuracy": {
        "mean": 0.9980661434977579,
        "std": 0.0005988189635431879
    },
    "precision": {
        "mean": 1.0,
        "std": 0.0
    },
    "recall": {
        "mean": 0.9935393258426967,
        "std": 0.002000548747118132
    },
    "f1": {
        "mean": 0.9967581850364166,
        "std": 0.001005454112217235
    }
}