{
    "train_size": 57088,
    "test_size": 14272,
    "roc_auc": 0.6721603347378278,
    "test_accuracy": 0.6273122197309418,
    "test_precision": 0.42788262846122055,
    "test_recall": 0.7270599250936329,
    "test_f1": 0.5387217067036684,
    "accuracy": {
        "mean": 0.6301989910313901,
        "std": 0.004552841239751386
    },
    "precision": {
        "mean": 0.4307987947638594,
        "std": 0.003960250975915047
    },
    "recall": {
        "mean": 0.7324906367041198,
        "std": 0.0027072719653185072
    },
    "f1": {
        "mean": 0.5425158832164889,
        "std": 0.0035903004139386002
    }
}